Sri Kumaran Children's Home,1106,3198,12.93591,77.57388,School,Middle School,School,High School
Carmel Garden Public School,53,161,12.91722,77.63282,Education,Middle School,High School,Preschool
St Josephs Indian Middle School,279,71,12.96843,77.59477,Local Business,Middle School
"Ravindra Bharathi Global School, Hsr",38,15,12.9005044,77.6528625,Local Business,Middle School
"Aryan's Presidency School, Nagarabavi, Bangalore",81,32,12.962125573333,77.507922733333,Local Business,Middle School
"Nammura Model School, JP Nagar 2nd Phase",2,0,12.9145755,77.5872655,Local Business,Middle School
WHAT I NEED TOO,0,30,12.9588699,77.64552,Middle School,Private School,Middle School
middle school road Bangalore,1,0,12.952814192938,77.579474504205,Local Business,Local Business
Premium Overseas,0,37,12.949030233624,77.577415139732,Small Business,Small Business
Gurudev Krupa,5,3,12.9538038,77.5793215,Local Business,Home
Navachethana Trust - A Project for Mentally Challeneged,16,3,12.924637414851,77.570148557425,Local Business,Middle School
Psbb Leadership Academy Bangalore,3,1,12.82831,77.65526,Local Business,Day Care,Middle School
Dsm test,0,1,12.96643,77.58721,Middle School,Middle School
Vconnect Teleservices,0,202,12.954124147829,77.579419612885,Telecommunication,Email Marketing
Ebenezer International School Bangalore,1,1,3.14777,101.69403,Local Business,Middle School
Nagavara Government School,3,1,12.9833,77.5833,Local Business,Middle School
Ponnaiah Lalithakala Academy,32,1008,13.03299,77.55779,Organization,Organization,Education
Shreyans' Photography,20,2839,12.954114557884,77.579310384656,Professional Service,Photographer
Sri Adhi Shakti Chamundeshwari Devalaya Trust,32,876,12.95287,77.57933,Organization,Hindu Temple,Organization
Kideens - Borewell Road,50,552,12.95992017,77.74726222,Education,Middle School,Preschool,Education
Jafar ys,1,276,13.09936,77.59256,Business Service,Business Service
Kalki Boutique,1,260,12.95287,77.57933,Shopping/Retail,Women's Clothing Store
Roche Decor,2,194,12.954186882535,77.579559087753,Home Improvement,Home Decor,Blinds & Curtains,Wallpaper
Distinct Insurance Services,104,107,12.95401,77.57876,Insurance Company,Insurance Broker,Investing Service,Financial Planning
Sai Shagun Jewels,79,46,12.94975,77.57934,Local Business,Jewelry Store
"Shanthala primary and middle school. Shivanagar,rajajinagar, bengaluru-10",0,3,12.9205799,77.6088791,Middle School,Middle School
Poornima Middle High School Hegganahalli,0,2,12.96643,77.58721,Local Business,Local Business
First Guide Academy,0,48,12.90056,77.45192,Middle School,Middle School
Stalwart Integrated School / Kidzzone montessori,0,141,13.02491,77.61098,Middle School,Middle School
Sarala Birla Academy,285,31,12.787701069733,77.63349356161,Local Business,High School
Berachah kidzee eagle,0,231,12.9833,77.5833,Middle School,Middle School,Church
Sri Chaitanya Techno School Bangalore Kagadaspura,17,4,12.976883065817,77.677293084562,Local Business,Middle School,High School
Raising world,0,2,13.02752,77.65045,Middle School,Middle School
Xpert Handwriting Training Institute,0,5,12.94282,77.55943,Middle School,Middle School
Crescent High School,73,439,12.93901,77.57137,Middle School,High School,Junior High School,Middle School
Cathedral High School Bangalore,13,3,12.991928866999,77.68505673467,Local Business,Middle School,High School
Asc Center Gill Stadium,11,4,12.936291045,77.617263885,Local Business,Middle School,Sports Venue & Stadium
Govt Primary School Nagasandra,4,2,13.039891511658,77.499305985125,Local Business,Middle School,Elementary School
Nagendrarao,1,1,13.07079,77.56462,Middle School,Middle School
Karnataka'',1,0,12.950660460681,77.537904644953,Middle School,Middle School
Easy learning,0,0,13.06375,77.5911,Middle School,Middle School
SGS Vagdevi,0,2,12.9408302,77.5434723,Middle School,Middle School
Aurinko Academy Sarjapur,4,0,12.893998660159,77.660184111518,Local Business,Middle School,Hotel
Seshadripuram Computer Lab,3,3,12.988077,77.5764888,Local Business,Middle School
Play School-Little Birds,0,1,12.99276,77.55903,Middle School,Middle School,Day Care
Saraswathi Vidyanikethan School,30,678,13.00072,77.55932,Education,Middle School,High School,School
St. Philomena's English School,62,785,12.9833,77.5833,Middle School,School,Middle School,High School
New Baldwin's High School,155,109,12.96778,77.52399,Education,Middle School,High School,Middle School
St. Mark's Public School,51,595,12.87797,77.57256,Local Business,Middle School,Junior High School,School
